,Unnamed: 0,title,author,release year,book length,rating,number of ratings
3,3,"Twilight (The Twilight Saga, #1)",Stephenie Meyer,2005,498.0,3.63,5901197
4,4,The Hating Game (Paperback),Sally  Thorne,2016,365.0,3.98,537504
5,5,Beach Read (Paperback),Emily Henry,2020,361.0,4.06,607628
8,8,The Love Hypothesis (Paperback),Ali Hazelwood,2021,356.0,4.29,724017
10,10,People We Meet on Vacation (Paperback),Emily Henry,2021,373.0,3.97,658406
12,12,"Me Before You (Me Before You, #1)",Jojo Moyes,2012,369.0,4.26,1436094
14,14,Eleanor & Park (Hardcover),Rainbow Rowell,2012,328.0,3.97,1066165
15,15,"Outlander (Outlander, #1)",Diana Gabaldon,1991,850.0,4.25,957461
20,20,Book Lovers (Hardcover),Emily Henry,2022,384.0,4.28,390789
22,22,Jane Eyre (Paperback),Charlotte Brontë,1847,532.0,4.14,1896342
25,25,"The Duke and I (Bridgertons, #1)",Julia Quinn,2000,384.0,3.82,356433
27,27,"The Spanish Love Deception (Spanish Love Deception, #1)",Elena  Armas,2021,487.0,3.97,377868
29,29,"The Flatshare (The Flatshare, #1)",Beth O'Leary,2019,394.0,4.04,276885
31,31,The Time Traveler's Wife (ebook),Audrey Niffenegger,2004,537.0,3.99,1703714
32,32,"Beautiful Disaster (Beautiful, #1)",Jamie McGuire,2011,319.0,4.04,628815
34,34,"The Bride Test (The Kiss Quotient, #2)",Helen Hoang,2019,296.0,3.87,131144
36,36,"The Viscount Who Loved Me (Bridgertons, #2)",Julia Quinn,2000,354.0,4.04,259483
37,37,"A Court of Mist and Fury (A Court of Thorns and Roses, #2)",Sarah J. Maas,2016,624.0,4.62,816759
40,40,Wuthering Heights (Paperback),Emily Brontë,1847,464.0,3.88,1606402
41,41,"Heartstopper: Volume One (Heartstopper, #1)",Alice Oseman,2018,288.0,4.53,430677
42,42,Sense and Sensibility (Paperback),Jane Austen,1811,409.0,4.08,1092091
48,48,Emma (Paperback),Jane Austen,1815,474.0,4.04,784651
50,50,"Take a Hint, Dani Brown (The Brown Sisters, #2)",Talia Hibbert,2020,400.0,4.06,75803
52,52,The Night Circus (Hardcover),Erin Morgenstern,2011,387.0,4.03,849454
53,53,Love and Other Words (Hardcover),Christina Lauren,2018,432.0,4.35,215451
54,54,"Everything, Everything (Hardcover)",Nicola Yoon,2015,312.0,4.0,539107
56,56,The Wall of Winnipeg and Me (Kindle Edition),Mariana Zapata,2016,537.0,4.27,181562
57,57,"Bared to You (Crossfire, #1)",Sylvia Day,2012,352.0,4.16,498707
59,59,"P.S. I Still Love You (To All the Boys I've Loved Before, #2)",Jenny Han,2015,337.0,4.05,321648
63,63,Josh and Hazel's Guide to Not Dating (Paperback),Christina Lauren,2018,309.0,4.01,117753
66,66,The Soulmate Equation (Paperback),Christina Lauren,2021,416.0,4.04,136796
71,71,"Aristotle and Dante Discover the Secrets of the Universe (Aristotle and Dante, #1)",Benjamin Alire Sáenz,2012,359.0,4.34,476866
74,74,"Wallbanger (Cocktail, #1)",Alice Clayton,2012,384.0,4.01,198768
75,75,Punk 57 (Kindle Edition),Penelope Douglas,2016,343.0,3.85,262165
77,77,"Act Your Age, Eve Brown (The Brown Sisters, #3)",Talia Hibbert,2021,400.0,4.16,64493
78,78,Archer's Voice (ebook),Mia Sheridan,2014,345.0,4.33,183482
79,79,The Sun Is Also a Star (Hardcover),Nicola Yoon,2016,384.0,4.01,281659
83,83,"If I Stay (If I Stay, #1)",Gayle Forman,2009,201.0,3.93,826176
84,84,"The Summer I Turned Pretty (Summer, #1)",Jenny Han,2009,276.0,3.84,396929
86,86,"Call Me By Your Name (Call Me By Your Name, #1)",André Aciman,2007,248.0,4.13,389241
88,88,The Invisible Life of Addie LaRue (Hardcover),V.E. Schwab,2020,444.0,4.22,686794
90,90,"From Blood and Ash (Blood and Ash, #1)",Jennifer L. Armentrout,2020,622.0,4.29,325849
91,91,Confess (Paperback),Colleen Hoover,2015,320.0,4.2,273781
93,93,"Heartstopper: Volume Three (Heartstopper, #3)",Alice Oseman,2020,384.0,4.63,273686
94,94,The Princess Bride (Paperback),William Goldman,1973,456.0,4.26,852415
95,95,"Bringing Down the Duke (A League of Extraordinary Women, #1)",Evie Dunmore,2019,335.0,3.97,63015
98,98,"Dragonfly in Amber (Outlander, #2)",Diana Gabaldon,1992,947.0,4.33,327326
99,99,"Shatter Me (Shatter Me, #1)",Tahereh Mafi,2011,338.0,3.9,517418
100,100,From Lukov with Love (Paperback),Mariana Zapata,2018,493.0,4.34,144173
101,101,Normal People (Hardcover),Sally Rooney,2018,273.0,3.83,948855
103,103,"On Dublin Street (On Dublin Street, #1)",Samantha Young,2012,372.0,4.18,189455
104,104,"Fix Her Up (Hot & Hammered, #1)",Tessa Bailey,2019,400.0,3.65,93869
106,106,One Day in December (Paperback),Josie Silver,2018,393.0,3.89,239627
108,108,"Catching Fire (The Hunger Games, #2)",Suzanne Collins,2009,391.0,4.3,3064538
109,109,"Perfect Chemistry (Perfect Chemistry, #1)",Simone Elkeles,2008,368.0,4.05,255549
110,110,"Matched (Matched, #1)",Ally Condie,2010,369.0,3.63,732124
114,114,"The Score (Off-Campus, #3)",Elle Kennedy,2016,361.0,4.21,195637
115,115,"Always and Forever, Lara Jean (To All the Boys I've Loved Before, #3)",Jenny Han,2017,325.0,4.04,215156
117,117,"Devil in Winter (Wallflowers, #3)",Lisa Kleypas,2006,368.0,4.24,77013
118,118,Gone with the Wind (Mass Market Paperback),Margaret Mitchell,1936,1037.0,4.3,1160178
122,122,"City of Ashes (The Mortal Instruments, #2)",Cassandra Clare,2008,453.0,4.13,865831
124,124,"The Duchess Deal (Girl Meets Duke, #1)",Tessa Dare,2017,389.0,4.0,48340
129,129,"Shiver (The Wolves of Mercy Falls, #1)",Maggie Stiefvater,2009,392.0,3.76,465220
132,132,"The Ex Hex (The Ex Hex, #1)",Erin Sterling,2021,308.0,3.55,93853
133,133,Northanger Abbey (Paperback),Jane Austen,1817,260.0,3.84,356726
136,136,"Mockingjay (The Hunger Games, #3)",Suzanne Collins,2010,398.0,4.06,2804597
139,139,"Boyfriend Material (London Calling, #1)",Alexis  Hall,2020,427.0,4.09,81105
140,140,"The Heir (The Selection, #4)",Kiera Cass,2015,342.0,3.67,300177
141,141,"It's in His Kiss (Bridgertons, #7)",Julia Quinn,2005,384.0,4.01,105907
143,143,"Lola and the Boy Next Door (Anna and the French Kiss, #2)",Stephanie Perkins,2011,338.0,3.92,160612
144,144,"Clockwork Angel (The Infernal Devices, #1)",Cassandra Clare,2010,479.0,4.32,776513
145,145,In a Holidaze (Paperback),Christina Lauren,2020,307.0,3.74,110076
146,146,"Neon Gods (Dark Olympus, #1)",Katee Robert,2021,380.0,3.74,112532
147,147,"Secrets of a Summer Night (Wallflowers, #1)",Lisa Kleypas,2004,384.0,4.03,67926
148,148,"Carry On (Simon Snow, #1)",Rainbow Rowell,2015,522.0,4.2,280623
149,149,"Heartstopper: Volume Four (Heartstopper, #4)",Alice Oseman,2021,384.0,4.67,227360
150,150,Safe Haven (Kindle Edition),Nicholas Sparks,2010,353.0,4.21,363661
152,152,"Spoiler Alert (Spoiler Alert, #1)",Olivia Dade,2020,416.0,3.71,33910
155,155,"Voyager (Outlander, #3)",Diana Gabaldon,1993,870.0,4.38,286958
156,156,"Reflected in You (Crossfire, #2)",Sylvia Day,2012,352.0,4.31,334677
157,157,Birthday Girl (ebook),Penelope Douglas,2018,349.0,4.0,155589
160,160,Can You Keep a Secret? (Paperback),Sophie Kinsella,2003,374.0,3.84,417862
161,161,"Vampire Academy (Vampire Academy, #1)",Richelle Mead,2007,332.0,4.11,614151
162,162,"Insurgent (Divergent, #2)",Veronica Roth,2012,525.0,3.99,1367875
166,166,"Scarlet (The Lunar Chronicles, #2)",Marissa Meyer,2013,454.0,4.26,377397
168,168,"A ​Court of Silver Flames (A Court of Thorns and Roses, #4)",Sarah J. Maas,2021,757.0,4.41,380727
170,170,"Bully (Fall Away, #1)",Penelope Douglas,2013,333.0,3.94,161031
173,173,"Wait for You (Wait for You, #1)",Jennifer L. Armentrout,2013,386.0,4.16,152429
179,179,"Vision in White (Bride Quartet, #1)",Nora Roberts,2009,325.0,4.12,134276
183,183,Paper Towns (Paperback),John Green,2008,305.0,3.74,1193459
185,185,"Fallen (Fallen, #1)",Lauren Kate,2009,452.0,3.72,553649
186,186,"Paper Princess (The Royals, #1)",Erin Watt,2016,370.0,3.95,126593
188,188,"Dead Until Dark (Sookie Stackhouse, #1)",Kate Stayman-London,2001,292.0,3.96,522451
189,189,Mansfield Park (Paperback),Charlaine Harris,1814,488.0,3.86,321831
190,190,"The Proposal (The Wedding Date, #2)",Jane Austen,2018,325.0,3.49,100627
192,192,"What If It's Us (What If It's Us, #1)",David Nicholls,2018,437.0,3.86,121957
194,194,"After (After, #1)",K.A. Tucker,2014,582.0,3.71,263884
195,195,"It Happened One Autumn (Wallflowers, #2)",Anna Todd,2005,382.0,4.12,57733
198,198,"Nine Rules to Break When Romancing a Rake (Love By Numbers, #1)",Tia Williams,2010,397.0,4.08,49547
199,199,One True Loves (Kindle Edition),Sarah MacLean,2016,352.0,4.1,164083
200,200,"Cress (The Lunar Chronicles, #3)",Marissa Meyer,2014,552.0,4.42,332040
201,201,"Clockwork Princess (The Infernal Devices, #3)",Cassandra Clare,2013,567.0,4.56,409211
205,205,"Tangled (Tangled, #1)",Emma Chase,2013,254.0,4.05,114988
208,208,"The Crown (The Selection, #5)",Kiera Cass,2016,278.0,3.65,223841
213,213,"Written in the Stars (Written in the Stars, #1)",Alexandria Bellefleur,2020,384.0,3.91,31978
217,217,"The Duchess War (Brothers Sinister, #1)",Courtney Milan,2012,270.0,3.82,26223
218,218,Bet Me (Mass Market Paperback),Jennifer Crusie,2004,432.0,3.93,90477
219,219,Memoirs of a Geisha (Mass Market Paperback),Arthur Golden,1997,503.0,4.14,1885367
220,220,"Beautiful Creatures (Caster Chronicles, #1)",Kami Garcia,2009,563.0,3.76,578256
223,223,"The Chase (Briar U, #1)",Elle Kennedy,2018,377.0,3.91,109987
224,224,Roomies (Paperback),Christina Lauren,2017,368.0,3.82,58406
229,229,"Entwined with You (Crossfire, #3)",Sylvia Day,2013,356.0,4.19,196211
230,230,"Neanderthal Seeks Human (Knitting in the City, #1)",Penny Reid,2013,404.0,3.9,60932
232,232,My Life Next Door (Hardcover),Huntley Fitzpatrick,2012,394.0,3.98,147935
233,233,"Love & Gelato (Love & Gelato, #1)",Jenna Evans Welch,2016,386.0,4.1,102568
236,236,"City of Lost Souls (The Mortal Instruments, #5)",Cassandra Clare,2012,535.0,4.23,493192
237,237,"The Gentleman's Guide to Vice and Virtue (Montague Siblings, #1)",Mackenzi Lee,2017,528.0,4.05,124688
238,238,"Fallen Too Far (Rosemary Beach, #1; Too Far, #1)",Abbi Glines,2012,241.0,4.16,169269
239,239,"Radiance (Wraith Kings, #1)",Grace Draven,2015,297.0,4.03,50425
241,241,"The Fine Print (Dreamland Billionaires, #1)",Lauren Asher,2021,448.0,4.01,118844
243,243,"The Queen of Nothing (The Folk of the Air, #3)",Holly Black,2019,300.0,4.37,396096
245,245,"Allegiant (Divergent, #3)",Veronica Roth,2013,531.0,3.61,961821
247,247,Shipped (Paperback),Angie Hockman,2021,336.0,3.66,51696
249,249,"Soulless (Parasol Protectorate, #1)",Gail Carriger,2009,357.0,3.89,107608
250,250,"Vicious (Sinners of Saint, #1)",L.J. Shen,2016,372.0,4.01,111719
251,251,"Caraval (Caraval, #1)",Stephanie Garber,2016,407.0,4.0,294117
253,253,The Charm Offensive (Paperback),Alison Cochrun,2021,358.0,4.23,34726
255,255,"When a Scot Ties the Knot (Castles Ever After, #3)",Tessa Dare,2015,384.0,3.95,31387
256,256,"The Wicked King (The Folk of the Air, #2)",Holly Black,2019,336.0,4.34,445996
257,257,"Every Day (Every Day, #1)",David Levithan,2012,322.0,3.91,221358
265,265,All Rhodes Lead Here (Kindle Edition),Mariana Zapata,2021,572.0,4.35,70129
268,268,"A Princess in Theory (Reluctant Royals, #1)",Alyssa Cole,2018,360.0,3.78,14602
269,269,"Truth or Beard (Winston Brothers, #1)",Penny Reid,2015,390.0,3.91,46697
270,270,"The Happy Ever After Playlist (The Friend Zone, #2)",Abby Jimenez,2020,401.0,4.17,68882
271,271,Anna Karenina (Paperback),Leo Tolstoy,1878,964.0,4.08,769949
272,272,"A Kingdom of Flesh and Fire (Blood and Ash, #2)",Jennifer L. Armentrout,2020,637.0,4.43,224628
274,274,Cruel Beauty (Hardcover),Rosamund Hodge,2014,346.0,3.66,87119
281,281,"Lover Unbound (Black Dagger Brotherhood, #5)",J.R. Ward,2007,528.0,4.31,129500
286,286,"Corrupt (Devil's Night, #1)",Penelope Douglas,2015,516.0,3.81,138238
287,287,A Thousand Boy Kisses (ebook),Tillie Cole,2016,316.0,4.16,102788
288,288,The Switch (Kindle Edition),Beth O'Leary,2020,336.0,3.99,95605
290,290,"Unravel Me (Shatter Me, #2)",Tahereh Mafi,2013,461.0,4.18,310275
291,291,"Point of Retreat (Slammed, #2)",Colleen Hoover,2012,320.0,4.24,163696
292,292,"Heir of Fire (Throne of Glass, #3)",Sarah J. Maas,2014,565.0,4.46,473089
293,293,"The Winner's Curse (The Winner's Trilogy, #1)",Marie Rutkoski,2014,355.0,3.96,105328
295,295,"The Governess Game (Girl Meets Duke, #2)",Tessa Dare,2018,373.0,3.91,27195
296,296,Midnight Sun (Hardcover),Stephenie Meyer,2020,658.0,3.72,194655
297,297,"Empire of Storms (Throne of Glass, #5)",Sarah J. Maas,2016,689.0,4.56,343879
299,299,"Darkfever (Fever, #1)",Karen Marie Moning,2006,309.0,4.06,173720
303,303,The Cheat Sheet (Kindle Edition),Sarah       Adams,2021,306.0,3.76,88916
304,304,"Something Borrowed (Darcy & Rachel, #1)",Emily Giffin,2004,336.0,3.87,548478
306,306,We Were Liars (Kindle Edition),E. Lockhart,2014,242.0,3.73,919633
308,308,I'll Give You the Sun (Hardcover),Jandy Nelson,2014,371.0,4.15,309331
311,311,"It Had to Be You (Chicago Stars, #1)",Susan Elizabeth Phillips,1994,376.0,4.01,64323
313,313,Evvie Drake Starts Over (Hardcover),Linda  Holmes,2019,289.0,3.84,119436
318,318,Today Tonight Tomorrow (Hardcover),Rachel Lynn Solomon,2020,364.0,4.17,45486
319,319,Every Summer After (Paperback),Carley Fortune,2022,313.0,4.34,150232
320,320,"Bed of Roses (Bride Quartet, #2)",Nora Roberts,2009,335.0,4.12,60829
321,321,"Something About You (FBI/US Attorney, #1)",Julie James,2010,307.0,3.94,60302
324,324,Meet Cute (Paperback),Helena Hunting,2019,384.0,3.73,42164
325,325,"The Right Swipe (Modern Love, #1)",Alisha Rai,2019,387.0,3.65,21234
330,330,"We'll Always Have Summer (Summer, #3)",Jenny Han,2011,291.0,3.94,224027
336,336,"The Madness of Lord Ian Mackenzie (Mackenzies & McBrides, #1)",Jennifer Ashley,2009,320.0,4.05,35753
338,338,Heartless (Hardcover),Marissa Meyer,2016,464.0,4.08,151923
343,343,"Lover Enshrined (Black Dagger Brotherhood, #6)",J.R. Ward,2008,560.0,4.11,113315
344,344,"Rhapsodic (The Bargainer, #1)",Laura Thalassa,2016,326.0,3.98,88341
348,348,"The Kiss of Deception (The Remnant Chronicles, #1)",Mary E. Pearson,2014,492.0,3.96,116655
355,355,"Stuck with You (The STEMinist Novellas, #2)",Ali Hazelwood,2022,127.0,3.71,48423
356,356,"Seduce Me at Sunrise (The Hathaways, #2)",Lisa Kleypas,2008,360.0,4.07,39570
357,357,"Ruin and Rising (The Shadow and Bone Trilogy, #3)",Leigh Bardugo,2014,422.0,4.02,414245
358,358,"Happy Ever After (Bride Quartet, #4)",Nora Roberts,2010,333.0,4.18,57059
361,361,"These Violent Delights (These Violent Delights, #1)",Chloe Gong,2020,449.0,3.96,95723
362,362,"Austenland (Austenland, #1)",Shannon Hale,2007,197.0,3.55,86635
363,363,The Guernsey Literary and Potato Peel Pie Society (Paperback),Mary Ann Shaffer,2008,291.0,4.18,698006
364,364,"Confessions of a Shopaholic (Shopaholic, #1)",Sophie Kinsella,2000,368.0,3.68,705542
367,367,Let it Snow (Kindle Edition),John Green,2008,353.0,3.71,136871
369,369,"The Road Trip (The Road Trip, #1)",Beth O'Leary,2021,414.0,3.61,63228
370,370,"The Wedding (The Notebook, #2)",Nicholas Sparks,2003,276.0,3.98,151092
371,371,The Best of Me (Hardcover),Nicholas Sparks,2010,292.0,3.96,161814
372,372,The Choice (Kindle Edition),Nicholas Sparks,2007,325.0,4.0,166400
373,373,The Honey-Don't List (Paperback),Christina Lauren,2020,308.0,3.52,51909
374,374,"Naked in Death (In Death, #1)",J.D. Robb,1995,306.0,4.12,181828
375,375,To Love Jason Thorn (Kindle Edition),Ella Maise,2015,428.0,3.85,79607
376,376,Under Locke (Kindle Edition),Mariana Zapata,2014,497.0,3.98,70425
377,377,"Blood Promise (Vampire Academy, #4)",Richelle Mead,2009,503.0,4.31,299530
378,378,"Tempt Me at Twilight (The Hathaways, #3)",Lisa Kleypas,2009,373.0,4.17,41823
379,379,Kiss an Angel (Paperback),Susan Elizabeth Phillips,1996,384.0,4.19,58552
380,380,"Captive Prince (Captive Prince, #1)",C.S. Pacat,2013,240.0,3.81,79264
386,386,"The Risk (Briar U, #2)",Elle Kennedy,2019,432.0,4.28,87793
387,387,"One Good Earl Deserves a Lover (The Rules of Scoundrels, #2)",Sarah MacLean,2013,376.0,4.03,29368
390,390,"The Dating Plan (Marriage Game, #2)",Sara Desai,2021,352.0,3.66,34929
391,391,Honey Girl (Kindle Edition),Morgan  Rogers,2021,241.0,3.74,33312
392,392,"Dreaming of You (The Gamblers of Craven's, #2)",Lisa Kleypas,1994,373.0,4.18,40674
393,393,"Crescendo (Hush, Hush, #2)",Becca Fitzpatrick,2010,432.0,4.0,307676
395,395,"Devil in Spring (The Ravenels, #3)",Lisa Kleypas,2017,288.0,4.09,34046
396,396,Nights in Rodanthe (Paperback),Nicholas Sparks,2002,222.0,3.84,164417
397,397,"Dance Upon the Air (Three Sisters Island, #1)",Nora Roberts,2001,400.0,4.2,68172
398,398,"The Distance Between Us (Old Town Shops, #1)",Kasie West,2013,320.0,3.92,75238
399,399,"Love Her or Lose Her (Hot & Hammered, #2)",Tessa Bailey,2020,336.0,3.67,42780
401,401,"The Wedding Party (The Wedding Date, #3)",Jasmine Guillory,2019,351.0,3.78,44329
402,402,Love Lettering (Paperback),Kate Clayborn,2019,307.0,3.7,39426
403,403,"Dash & Lily's Book of Dares (Dash & Lily, #1)",Rachel Cohn,2010,260.0,3.76,90591
405,405,The Bookish Life of Nina Hill (Kindle Edition),Abbi Waxman,2019,351.0,3.82,87372
408,408,"Fantasy Lover (Hunter Legends, #1)",Sherrilyn Kenyon,2002,337.0,4.15,90374
410,410,"Spirit Bound (Vampire Academy, #5)",Richelle Mead,2010,489.0,4.33,281912
414,414,To Kill a Kingdom (Hardcover),Alexandra Christo,2018,344.0,3.8,136587
420,420,North and South (Paperback),Elizabeth Gaskell,1854,521.0,4.14,158995
421,421,The Rescue (Paperback),Nicholas Sparks,2000,352.0,4.12,190495
422,422,"Jewels of the Sun (Gallaghers of Ardmore, #1)",Nora Roberts,1999,347.0,4.22,63123
423,423,The Bodyguard (Hardcover),Katherine Center,2022,320.0,4.13,46261
424,424,Uprooted (Hardcover),Naomi Novik,2015,438.0,4.05,209681
426,426,"The Secret Diaries of Miss Miranda Cheever (Bevelstoke, #1)",Julia Quinn,2007,373.0,3.89,40314
428,428,"The Unbecoming of Mara Dyer (Mara Dyer, #1)",Michelle Hodkin,2011,456.0,4.03,168341
429,429,"Last Sacrifice (Vampire Academy, #6)",Richelle Mead,2010,594.0,4.37,275495
432,432,"Shadow of Night (All Souls, #2)",Deborah Harkness,2012,584.0,4.07,219870
434,434,The Guardian (Paperback),Nicholas Sparks,2003,400.0,4.16,172815
435,435,The Longest Ride (Hardcover),Nicholas Sparks,2012,398.0,4.16,127530
436,436,Twice in a Blue Moon (Hardcover),Christina Lauren,2019,358.0,3.63,51050
437,437,"Lover Mine (Black Dagger Brotherhood, #8)",J.R. Ward,2010,528.0,4.39,109537
438,438,This Lullaby (Paperback),Sarah Dessen,2002,345.0,4.02,176700
441,441,"Losing Hope (Hopeless, #2)",Colleen Hoover,2013,321.0,4.29,135445
442,442,"Crossed (Matched, #2)",Ally Condie,2011,367.0,3.52,234069
446,446,Making Faces (ebook),Amy Harmon,2013,405.0,4.3,69574
448,448,"These Broken Stars (Starbound, #1)",Amie Kaufman,2013,389.0,3.9,68276
450,450,"The Secret (Highlands' Lairds, #1)",Julie Garwood,1992,379.0,4.25,49646
453,453,"When Beauty Tamed the Beast (Fairy Tales, #2)",Eloisa James,2011,372.0,4.06,27254
454,454,"The Royal We (Royal We, #1)",Heather Cocks,2015,454.0,3.81,61552
455,455,"Virgin River (Virgin River, #1)",Robyn Carr,2007,386.0,4.02,61829
456,456,The Upside of Falling (Hardcover),Alex Light,2020,288.0,3.65,63660
457,457,Like Water for Chocolate (Paperback),Laura Esquivel,1989,222.0,3.95,347670
458,458,P.S. I Like You (Hardcover),Kasie West,2016,329.0,4.05,54335
459,459,"Say Yes to the Marquess (Castles Ever After, #2)",Tessa Dare,2014,374.0,3.83,21080
463,463,Something to Talk About (Paperback),Meryl Wilsner,2020,336.0,3.66,19263
464,464,"Tools of Engagement (Hot & Hammered, #3)",Tessa Bailey,2020,368.0,3.79,36814
467,467,"The Upside of Unrequited (Simonverse, #2)",Becky Albertalli,2017,336.0,3.91,72060
468,468,"Edenbrooke (Edenbrooke, #1)",Julianne Donaldson,2012,264.0,4.32,47990
470,470,"Party of Two (The Wedding Date, #5)",Jasmine Guillory,2020,312.0,3.78,41411
473,473,"Evermore (The Immortals, #1)",Alyson Noel,2009,301.0,3.59,282408
475,475,"Sea Swept (Chesapeake Bay Saga, #1)",Nora Roberts,1998,330.0,4.23,59388
476,476,"Blue Dahlia (In the Garden, #1)",Nora Roberts,2004,372.0,4.12,70356
481,481,"The Darkest Night (Lords of the Underworld, #1)",Gena Showalter,2008,379.0,4.05,82413
482,482,"Mystery Man (Dream Man, #1)",Kristen Ashley,2011,494.0,4.21,70047
483,483,"Only When It's Us (Bergman Brothers, #1)",Chloe Liese,2020,386.0,4.01,26179
485,485,"Sweet Filthy Boy (Wild Seasons, #1)",Christina Lauren,2014,418.0,4.04,46055
486,486,"Burn for Me (Hidden Legacy, #1)",Ilona Andrews,2014,406.0,4.32,53398
488,488,"Opal (Lux, #3)",Jennifer L. Armentrout,2012,394.0,4.26,143863
492,492,"Dead to the World (Sookie Stackhouse, #4)",Charlaine Harris,2004,291.0,4.12,253637
493,493,You've Reached Sam (Hardcover),Dustin Thao,2021,296.0,3.77,52535
494,494,The Fill-In Boyfriend (Paperback),Kasie West,2015,352.0,3.9,61519
495,495,How to Fail at Flirting (Paperback),Denise  Williams,2020,343.0,3.82,24275
496,496,"Club Dead (Sookie Stackhouse, #3)",Charlaine Harris,2003,274.0,4.01,230201
498,498,Lovely War (Hardcover),Julie Berry,2019,471.0,4.25,44230
500,500,"Any Duchess Will Do (Spindle Cove, #4)",Tessa Dare,2013,375.0,4.04,23816
501,501,"Any Duchess Will Do (Spindle Cove, #4)",Tessa Dare,2013,375.0,4.04,23816
502,502,"Any Duchess Will Do (Spindle Cove, #4)",Tessa Dare,2013,375.0,4.04,23816
503,503,Something Wilder (Hardcover),Christina Lauren,2022,384.0,3.74,42112
504,504,"The Bronze Horseman (The Bronze Horseman, #1)",Paullina Simons,2000,637.0,4.3,78595
505,505,Love in the Time of Cholera (Paperback),Gabriel García Márquez,1985,348.0,3.93,466520
507,507,Just the Sexiest Man Alive (Mass Market Paperback),Julie James,2008,296.0,3.92,44264
509,509,"Sugar Daddy (Travises, #1)",Lisa Kleypas,2007,371.0,4.01,42517
510,510,An Enchantment of Ravens (Hardcover),Margaret  Rogerson,2017,304.0,3.65,73870
512,512,"A Promise of Fire (Kingmaker Chronicles, #1)",Amanda Bouchet,2016,445.0,4.04,32350
513,513,"Beautiful Player (Beautiful Bastard, #3)",Christina Lauren,2013,432.0,4.28,67011
517,517,"Kingdom of Ash (Throne of Glass, #7)",Sarah J. Maas,2018,984.0,4.62,261600
519,519,"Days of Blood & Starlight (Daughter of Smoke & Bone, #2)",Laini Taylor,2012,517.0,4.14,156341
523,523,"The Rogue Not Taken (Scandal & Scoundrel, #1)",Sarah MacLean,2015,419.0,3.95,21806
524,524,"Do You Want to Start a Scandal (Spindle Cove, #5; Castles Ever After, #4)",Tessa Dare,2016,272.0,4.07,18892
525,525,Remember Me? (Hardcover),Sophie Kinsella,2008,352.0,3.8,240254
526,526,"Kiss the Sky (Calloway Sisters, #1)",Krista Ritchie,2014,443.0,4.29,47515
527,527,"Silence (Hush, Hush, #3)",Becca Fitzpatrick,2011,448.0,4.09,269681
528,528,"Grave Mercy (His Fair Assassin, #1)",Robin LaFevers,2012,549.0,3.89,104570
530,530,"Well Played (Well Met, #2)",Jen DeLuca,2020,313.0,3.52,22785
531,531,"Cemetery Boys (Cemetery Boys, #1)",Aiden Thomas,2020,344.0,4.33,63034
534,534,Redeeming Love (Paperback),Francine Rivers,1991,479.0,4.5,273997
537,537,Bossman (Kindle Edition),Vi Keeland,2016,316.0,4.16,63756
539,539,"Still Me (Me Before You, #3)",Jojo Moyes,2018,469.0,4.12,181067
542,542,Marriage for One (Kindle Edition),Ella Maise,2019,520.0,3.93,60911
544,544,"Wicked and the Wallflower (The Bareknuckle Bastards, #1)",Sarah MacLean,2018,396.0,3.98,17089
546,546,"Never Seduce a Scot (The Montgomerys and Armstrongs, #1)",Maya Banks,2012,373.0,4.15,31542
552,552,"Captive Prince: Volume Two (Captive Prince, #2)",C.S. Pacat,2013,216.0,4.38,57475
553,553,The Witness (Paperback),Nora Roberts,2012,757.0,4.22,75491
555,555,"Dragon Bound (Elder Races, #1)",Thea Harrison,2011,312.0,4.08,48193
557,557,Without Merit (Kindle Edition),Colleen Hoover,2017,385.0,3.85,125196
558,558,Suddenly You (Mass Market Paperback),Lisa Kleypas,2000,384.0,3.94,26999
559,559,The Thorn Birds (Mass Market Paperback),Colleen McCullough,1977,692.0,4.24,336478
562,562,"Under the Never Sky (Under the Never Sky, #1)",Veronica Rossi,2011,374.0,3.99,113454
563,563,"A Night Like This (Smythe-Smith Quartet, #2)",Julia Quinn,2012,373.0,3.87,26914
565,565,RoomHate (Paperback),Penelope Ward,2016,320.0,3.9,59673
566,566,"Never Never (Never Never, #1)",Colleen Hoover,2015,158.0,4.02,86589
568,568,"Key of Light (Key Trilogy, #1)",Nora Roberts,2003,334.0,4.17,59041
569,569,"Dating Dr. Dil (If Shakespeare was an Auntie, #1)",Nisha Sharma,2022,364.0,3.73,29881
571,571,"Play (Stage Dive, #2)",Kylie Scott,2014,306.0,4.26,55646
572,572,Stuck-Up Suit (ebook),Vi Keeland,2016,245.0,4.1,65530
574,574,"Dark Witch (The Cousins O'Dwyer Trilogy, #1)",Nora Roberts,2013,342.0,3.95,60592
577,577,"Rubinrot (Edelstein-Trilogie, #1)",Kerstin Gier,2009,343.0,4.12,138597
578,578,Luna and the Lie (ebook),Mariana Zapata,2018,580.0,4.1,43382
579,579,"Portrait of a Scotsman (A League of Extraordinary Women, #3)",Evie Dunmore,2021,448.0,3.88,22701
580,580,"Bound by Honor (Born in Blood Mafia Chronicles, #1)",Cora Reilly,2014,273.0,3.87,77006
586,586,"The Perfect Hope (Inn Boonsboro Trilogy, #3)",Nora Roberts,2012,10.0,4.17,43739
587,587,"Once Burned (Night Prince, #1)",Jeaniene Frost,2012,373.0,4.2,66290
591,591,"Heaven and Earth (Three Sisters Island, #2)",Nora Roberts,2001,416.0,4.14,40486
593,593,"Cry Wolf (Alpha & Omega, #1)",Patricia Briggs,2008,294.0,4.12,97790
594,594,"An Echo in the Bone (Outlander, #7)",Diana Gabaldon,2009,820.0,4.43,139381
595,595,Don't You Forget About Me (Kindle Edition),Mhairi McFarlane,2019,433.0,3.87,40746
596,596,"Will Grayson, Will Grayson (Hardcover)",John Green,2010,310.0,3.72,378446
604,604,Tell Me Three Things (Hardcover),Julie Buxbaum,2016,328.0,4.05,70824
605,605,"The Princess Diaries (The Princess Diaries, #1)",Meg Cabot,2000,283.0,3.8,247084
606,606,"A Lot like Love (FBI/US Attorney, #2)",Julie James,2011,274.0,4.07,31866
609,609,The Phantom of the Opera (Paperback),Gaston Leroux,1909,360.0,3.96,220745
610,610,"Flock (The Ravenhood, #1)",Kate  Stewart,2020,364.0,4.14,65945
611,611,"The Countess Conspiracy (Brothers Sinister, #3)",Courtney Milan,2013,309.0,3.92,11711
612,612,The Light We Lost (Hardcover),Jill Santopolo,2017,328.0,3.87,131246
614,614,"This Girl (Slammed, #3)",Colleen Hoover,2013,306.0,4.05,86070
615,615,"A Lady by Midnight (Spindle Cove, #3)",Tessa Dare,2012,374.0,3.87,18785
617,617,Dating You / Hating You (Paperback),Christina Lauren,2017,350.0,3.63,27840
618,618,Practice Makes Perfect (Mass Market Paperback),Julie James,2009,291.0,3.96,31107
620,620,"Twisted Palace (The Royals, #3)",Erin Watt,2016,370.0,3.93,67980
622,622,Before I Fall (Paperback),Lauren Oliver,2010,470.0,3.89,325074
623,623,Before We Were Strangers (Paperback),Renee Carlino,2015,320.0,4.21,55835
625,625,Dear Aaron (Kindle Edition),Mariana Zapata,2017,500.0,3.95,40646
627,627,"Sorcery of Thorns (Sorcery of Thorns, #1)",Margaret  Rogerson,2019,456.0,4.08,96114
629,629,"Face the Fire (Three Sisters Island, #3)",Nora Roberts,2002,358.0,4.15,39714
630,630,"Boyfriend Material (London Calling, #1)",Alexis  Hall,2020,427.0,4.09,81106
632,632,"An Extraordinary Union (The Loyal League, #1)",Alyssa Cole,2017,258.0,3.83,7756
633,633,"The Wisteria Society of Lady Scoundrels (Dangerous Damsels, #1)",India Holton,2021,324.0,3.74,15428
634,634,"Moon Called (Mercy Thompson, #1)",Patricia Briggs,2006,289.0,4.14,196203
637,637,"Beautiful Oblivion (The Maddox Brothers, #1)",Jamie McGuire,2014,337.0,4.09,74833
639,639,"Lover Reborn (Black Dagger Brotherhood, #10)",J.R. Ward,2012,572.0,4.33,80075
642,642,"Forever (The Wolves of Mercy Falls, #3)",Maggie Stiefvater,2011,390.0,3.89,120152
645,645,The No-Show (Paperback),Beth O'Leary,2022,337.0,3.9,35240
647,647,"After We Fell (After, #3)",Anna Todd,2014,837.0,3.83,125212
649,649,Funny You Should Ask (Paperback),Elissa Sussman,2022,352.0,3.78,43861
650,650,"Dreams of Gods & Monsters (Daughter of Smoke & Bone, #3)",Laini Taylor,2014,613.0,4.13,102978
654,654,"First Grave on the Right (Charley Davidson, #1)",Darynda Jones,2011,310.0,4.02,83508
655,655,"True Believer (Jeremy Marsh & Lexie Darnell, #1)",Nicholas Sparks,2003,465.0,3.81,84084
656,656,"If the Shoe Fits (Meant to Be, #1)",Julie   Murphy,2021,304.0,4.02,24503
661,661,"The Magpie Lord (A Charm of Magpies, #1)",K.J. Charles,2013,222.0,4.06,17123
662,662,"A Duke by Default (Reluctant Royals, #2)",Alyssa Cole,2018,374.0,3.89,8423
663,663,"A Wallflower Christmas (Wallflowers, #4.5)",Lisa Kleypas,2008,213.0,3.87,24035
665,665,"Gabriel's Rapture (Gabriel's Inferno, #2)",Sylvain Reynard,2012,386.0,4.21,112959
667,667,"Crooked Kingdom (Six of Crows, #2)",Leigh Bardugo,2016,561.0,4.61,477098
668,668,"Shadowfever (Fever, #5)",Karen Marie Moning,2011,608.0,4.39,105380
671,671,"Origin (Lux, #4)",Jennifer L. Armentrout,2013,374.0,4.34,106214
673,673,"Eleven Scandals to Start to Win a Duke's Heart (Love By Numbers, #3)",Sarah MacLean,2011,370.0,4.0,26960
674,674,"No Good Duke Goes Unpunished (The Rules of Scoundrels, #3)",Sarah MacLean,2013,384.0,3.86,20338
675,675,"Heart of the Sea (Gallaghers of Ardmore, #3)",Nora Roberts,2000,369.0,4.15,30801
676,676,Hani and Ishu's Guide to Fake Dating (Kindle Edition),Adiba Jaigirdar,2021,352.0,4.15,21328
677,677,"The Book of Life (All Souls, #3)",Deborah Harkness,2014,561.0,4.19,171986
678,678,"Unearthly (Unearthly, #1)",Cynthia Hand,2011,435.0,4.01,126498
680,680,"Never Judge a Lady by Her Cover (The Rules of Scoundrels, #4)",Sarah MacLean,2014,376.0,3.96,19315
681,681,"Visions of Heat (Psy-Changeling, #2)",Nalini Singh,2007,332.0,4.08,38315
682,682,"Definitely Dead (Sookie Stackhouse, #6)",Charlaine Harris,2006,324.0,4.01,198979
684,684,The Song of Achilles (Paperback),Madeline Miller,2011,378.0,4.38,950167
686,686,"Morrigan's Cross (Circle Trilogy, #1)",Nora Roberts,2006,321.0,4.14,52998
687,687,"Born in Shame (Born In Trilogy, #3)",Nora Roberts,1996,384.0,4.1,34165
688,688,"Red Lily (In the Garden, #3)",Nora Roberts,2005,351.0,4.08,38459
691,691,"The Raven Prince (Princes Trilogy, #1)",Elizabeth Hoyt,2006,392.0,3.95,22313
692,692,Midnight Sun [2008 Draft] (ebook),Stephenie Meyer,2008,264.0,4.01,149452
693,693,"China Rich Girlfriend (Crazy Rich Asians, #2)",Kevin Kwan,2015,378.0,3.84,188682
695,695,"Kiss of the Highlander (Highlander, #4)",Karen Marie Moning,2001,396.0,4.3,41767
696,696,This Time Next Year (Kindle Edition),Sophie Cousens,2020,352.0,3.85,71158
697,697,"Throttled (Dirty Air, #1)",Lauren Asher,2020,355.0,3.88,67884
699,699,"Pretty Reckless (All Saints High, #1)",L.J. Shen,2019,360.0,4.12,56819
700,700,"Ten Things I Love About You (Bevelstoke, #3)",Julia Quinn,2010,377.0,3.99,24867
701,701,Stepbrother Dearest (Paperback),Penelope Ward,2014,230.0,4.06,66152
703,703,"Backstage Pass (Sinners on Tour, #1)",Olivia Cunning,2010,344.0,4.0,60233
704,704,"Wicked Lovely (Wicked Lovely, #1)",Melissa Marr,2007,328.0,3.69,162190
707,707,"Down London Road (On Dublin Street, #2)",Samantha Young,2013,373.0,4.21,52006
708,708,"Wicked Intentions (Maiden Lane, #1)",Elizabeth Hoyt,2010,401.0,3.82,18073
711,711,"Reached (Matched, #3)",Ally Condie,2012,512.0,3.55,157531
712,712,"Key of Knowledge (Key Trilogy, #2)",Nora Roberts,2003,338.0,4.12,36506
714,714,"Welcome to Temptation (Dempseys, #1)",Jennifer Crusie,2000,416.0,3.94,33011
715,715,"The Maddest Obsession (Made, #2)",Danielle Lori,2019,333.0,4.31,85902
718,718,"Chasing Cassandra (The Ravenels, #6)",Lisa Kleypas,2020,384.0,4.14,24023
721,721,"Finale (Hush, Hush, #4)",Becca Fitzpatrick,2012,464.0,4.14,163162
722,722,Flipped (Paperback),Wendelin Van Draanen,2001,212.0,3.97,109473
723,723,"Things We Never Got Over (Knockemout, #1)",Lucy Score,2022,570.0,4.29,175869
724,724,"Act Like It (London Celebrities, #1)",Lucy  Parker,2015,199.0,3.87,10804
725,725,A Room with a View (Paperback),E.M. Forster,1908,119.0,3.9,169459
727,727,"Electric Idol (Dark Olympus, #2)",Katee Robert,2022,375.0,4.03,38994
729,729,"Grin and Beard It (Winston Brothers, #2)",Penny Reid,2016,389.0,4.14,27092
730,730,"Requiem (Delirium, #3)",Lauren Oliver,2013,391.0,3.74,141702
731,731,Eligible: A Modern Retelling of Pride & Prejudice (Hardcover),Curtis Sittenfeld,2016,492.0,3.6,83519
737,737,"Forever Too Far (Rosemary Beach, #3; Too Far, #3)",Abbi Glines,2013,292.0,4.21,84454
742,742,"No Rest for the Wicked (Immortals After Dark, #2)",Kresley Cole,2006,356.0,4.27,56303
744,744,Beauty: A Retelling of the Story of Beauty and the Beast (Paperback),Robin McKinley,1978,256.0,4.05,77679
746,746,My True Love Gave to Me: Twelve Holiday Stories (Hardcover),Stephanie Perkins,2014,321.0,3.67,39069
747,747,"Well Matched (Well Met, #3)",(Editor/Contributer),2021,313.0,3.87,18109
751,751,The Henna Wars (Hardcover),Adiba Jaigirdar,2020,400.0,4.0,20281
752,752,"At Grave's End (Night Huntress, #3)",Jeaniene Frost,2008,342.0,4.29,87401
754,754,"While We Were Dating (The Wedding Date, #6)",Jasmine Guillory,2021,336.0,3.76,29416
755,755,"Seduction and Snacks (Chocolate Lovers, #1)",Tara Sivec,2012,286.0,4.07,52342
756,756,"The Risk (Mindf*ck, #1)",S.T. Abby,2016,132.0,4.29,73865
757,757,Felix Ever After (Hardcover),Kacen Callender,2020,368.0,4.32,47296
760,760,"The Warlord Wants Forever (Immortals After Dark, #0.5)",Kresley Cole,2006,163.0,4.04,58997
761,761,"Magic Bites (Kate Daniels, #1)",Ilona Andrews,2007,261.0,4.05,117960
762,762,"The Lost Duke of Wyndham (Two Dukes of Wyndham, #1)",Julia Quinn,2008,371.0,3.74,22186
764,764,"Beauty and the Mustache (Knitting in the City, #4; Winston Brothers, #0)",Penny Reid,2014,372.0,4.21,27550
765,765,Caressed by Ice (Psy-Changeling #3),Nalini Singh,2007,352.0,4.29,38179
767,767,"Dream a Little Dream (Chicago Stars, #4)",Susan Elizabeth Phillips,1998,400.0,4.17,33460
768,768,"After Ever Happy (After, #4)",Anna Todd,2015,512.0,3.99,109402
772,772,"Written in My Own Heart's Blood (Outlander, #8)",Diana Gabaldon,2014,825.0,4.54,113874
776,776,"Love Unscripted (Love, #1)",Tina Reber,2010,668.0,4.02,67961
778,778,"Dead and Gone (Sookie Stackhouse, #9)",Charlaine Harris,2009,320.0,4.01,183547
779,779,"From Dead to Worse (Sookie Stackhouse, #8)",Charlaine Harris,2008,368.0,4.01,183532
783,783,"Blood Brothers (Sign of Seven, #1)",Nora Roberts,2007,328.0,4.16,52509
784,784,"Beautiful World, Where Are You (Hardcover)",Sally Rooney,2021,356.0,3.59,250892
789,789,"This Man (This Man, #1)",Jodi Ellen Malpas,2012,448.0,4.07,109066
792,792,You Should See Me in a Crown (Hardcover),Leah  Johnson,2020,336.0,4.13,36131
793,793,You Should See Me in a Crown (Hardcover),Leah  Johnson,2020,336.0,4.13,36131
795,795,Would Like to Meet (Kindle Edition),Rachel Winters,2019,336.0,3.72,19515
803,803,"The Intimacy Experiment (The Shameless Series, #2)",Rosie Danan,2021,336.0,3.71,15730
804,804,"The Dark Highlander (Highlander, #5)",Karen Marie Moning,2002,370.0,4.27,36922
805,805,"Archangel's Kiss (Guild Hunter, #2)",Nalini Singh,2010,323.0,4.2,55634
806,806,Nick & Norah's Infinite Playlist (Hardcover),Rachel Cohn,2006,183.0,3.7,83459
807,807,"The Winner's Crime (The Winner's Trilogy, #2)",Marie Rutkoski,2015,416.0,4.1,62529
808,808,"Glass Sword (Red Queen, #2)",Victoria Aveyard,2016,444.0,3.83,296406
810,810,Good Girl Complex (Paperback),Elle Kennedy,2022,368.0,3.6,39196
815,815,The Girl He Used to Know (Hardcover),Tracey Garvis Graves,2019,291.0,3.96,42169
818,818,"Barbarian Alien (Ice Planet Barbarians, #2)",Ruby Dixon,2015,248.0,3.81,42699
819,819,Just Last Night (Paperback),Mhairi McFarlane,2021,416.0,4.04,31666
820,820,"To Tame a Highland Warrior (Highlander, #2)",Karen Marie Moning,1999,366.0,4.13,33037
822,822,XOXO (ebook),Axie Oh,2021,352.0,3.9,16609
823,823,The Siren (Paperback),Kiera Cass,2009,267.0,3.72,76367
825,825,"Maybe Not (Maybe, #1.5)",Colleen Hoover,2014,161.0,3.86,76362
827,827,"I Wish You All the Best (I Wish You All the Best, #1)",Mason Deaver,2019,329.0,4.2,35376
829,829,"One with You (Crossfire, #5)",Sylvia Day,2016,464.0,4.12,68873
832,832,Fangirl (Kindle Edition),Rainbow Rowell,2013,483.0,3.98,695972
834,834,"Desperate Measures (Wicked Villains, #1)",Katee Robert,2019,230.0,3.55,27506
836,836,"Pleasure Unbound (Demonica, #1)",Larissa Ione,2008,389.0,4.04,53139
841,841,"Flat-Out Love (Flat-Out Love, #1)",Jessica Park,2011,355.0,3.99,58622
842,842,"Wildfire (Hidden Legacy, #3)",Ilona Andrews,2017,391.0,4.5,34237
844,844,"In Flight (Up in the Air, #1)",R.K. Lilley,2012,330.0,4.08,76825
845,845,"It Starts with Us (It Ends with Us, #2)",Colleen Hoover,2022,352.0,4.64,3988
847,847,"Wayward Son (Simon Snow, #2)",Rainbow Rowell,2019,356.0,3.94,91308
848,848,"The Winter Sea (Slains, #1)",Susanna Kearsley,2008,527.0,4.1,63106
851,851,"About That Night (FBI/US Attorney, #3)",Julie James,2012,284.0,4.04,24376
853,853,"The Other Boleyn Girl (The Plantagenet and Tudor Novels, #9)",Philippa Gregory,2001,661.0,4.07,482030
854,854,"The Other Boleyn Girl (The Plantagenet and Tudor Novels, #9)",Philippa Gregory,2001,661.0,4.07,482030
855,855,"To Have and to Hoax (The Regency Vows, #1)",Martha Waters,2020,367.0,3.4,11738
857,857,The Bridges of Madison County (Mass Market Paperback),Robert James Waller,1992,224.0,3.66,89660
860,860,"Knight (Unfinished Hero, #1)",Kristen Ashley,2012,285.0,3.92,53672
861,861,"Legendary (Caraval, #2)",Stephanie Garber,2018,451.0,4.23,125251
862,862,"Kiss of Midnight (Midnight Breed,  #1)",Lara Adrian,2007,402.0,3.92,64186
865,865,"The Winter King (Weathermages of Mystral, #1)",C.L. Wilson,2014,594.0,4.07,18752
866,866,Bloom (Paperback),Kevin Panetta,2019,368.0,3.97,38717
867,867,Frankly in Love (Hardcover),David  Yoon,2019,432.0,3.75,26164
873,873,"The Highlander's Touch (Highlander, #3)",Karen Marie Moning,2000,356.0,4.13,31955
875,875,"Opposition (Lux, #5)",Jennifer L. Armentrout,2014,533.0,4.35,78823
877,877,Boy Meets Boy (Paperback),David Levithan,2003,185.0,3.82,72807
880,880,"Checkmate (Neighbor from Hell, #3)",R.L. Mathewson,2012,350.0,4.13,47848
881,881,"Hang the Moon (Written in the Stars, #2)",Alexandria Bellefleur,2021,384.0,3.86,10989
883,883,"Brazen and the Beast (The Bareknuckle Bastards, #2)",Sarah MacLean,2019,400.0,4.08,13241
884,884,Cotillion (Paperback),Georgette Heyer,1953,416.0,4.08,15398
885,885,"Reason to Breathe (Breathing, #1)",Rebecca    Donovan,2011,377.0,4.21,90348
887,887,"Splendid (The Splendid Trilogy, #1)",Julia Quinn,1995,396.0,3.88,21984
888,888,"Daughter of the Forest  (Sevenwaters, #1)",Juliet Marillier,1999,554.0,4.27,61061
889,889,Brutal Prince (Brutal Birthright #1),Sophie Lark,2020,376.0,3.9,59077
891,891,Ravished (Mass Market Paperback),Amanda Quick,1992,385.0,4.02,19058
892,892,"Deep (Stage Dive, #4)",Kylie Scott,2015,272.0,4.03,38619
893,893,Carolina Moon (Mass Market Paperback),Nora Roberts,2000,470.0,4.07,43099
896,896,"Ricochet (Addicted, #2)",Krista Ritchie,2013,265.0,3.88,48742
899,899,"Dark Prince (Dark, #1)",Christine Feehan,1999,447.0,3.99,55659
900,900,"Garden Spells (Waverley Family, #1)",Sarah Addison Allen,2007,290.0,4.05,94698
903,903,"A Thousand Pieces of You (Firebird, #1)",Claudia Gray,2014,368.0,3.9,55547
906,906,"Crash (Crash, #1)",Nicole  Williams,2012,296.0,3.97,60399
908,908,"Kings Rising (Captive Prince, #3)",C.S. Pacat,2016,385.0,4.43,49858
910,910,Arabella (Paperback),Georgette Heyer,1949,280.0,4.08,18588
912,912,Saint Anything (Hardcover),Sarah Dessen,2015,417.0,4.03,60475
915,915,"Bitten (Otherworld, #1)",Kelley Armstrong,2001,436.0,4.02,99541
919,919,Under the Whispering Door (Hardcover),T.J. Klune,2021,373.0,4.19,102049
923,923,A Very Large Expanse of Sea (Hardcover),Tahereh Mafi,2018,310.0,4.13,51694
924,924,"House of Sky and Breath (Crescent City, #2)",Sarah J. Maas,2022,805.0,4.52,151116
926,926,"Slightly Dangerous (Bedwyn Saga, #6)",Mary Balogh,2004,365.0,4.21,19432
928,928,"The Day of the Duchess (Scandal & Scoundrel, #3)",Sarah MacLean,2017,400.0,3.92,14031
929,929,"Tempting the Best Man (Gamble Brothers, #1)",J. Lynn,2012,172.0,3.69,33510
930,930,"Float Plan (Beck Sisters, #1)",Trish Doller,2021,272.0,4.0,21703
931,931,"Bridget Jones: The Edge of Reason (Bridget Jones, #2)",Helen Fielding,1999,352.0,3.6,107531
932,932,"Us (Him, #2)",Sarina Bowen,2016,322.0,4.32,26412
933,933,Dumplin' (Dumplin' #1),Julie   Murphy,2015,371.0,3.9,83838
934,934,"Love Hacked (Knitting in the City, #3)",Penny Reid,2014,402.0,4.12,24306
935,935,"Kushiel's Dart (Phèdre's Trilogy, #1)",Jacqueline Carey,2001,1040.0,4.01,77268
940,940,Mine to Possess (Psy-Changeling #4),Nalini Singh,2008,328.0,4.08,30154
941,941,"How to Marry a Marquis (Agents of the Crown, #2)",Julia Quinn,1999,375.0,4.04,20497
942,942,"First Drop of Crimson (Night Huntress World, #1)",Jeaniene Frost,2010,371.0,4.14,56219
943,943,"Battle Royal (Palace Insiders, #1)",Lucy  Parker,2021,397.0,3.84,8793
944,944,"Unveiled (Turner, #1)",Courtney Milan,2011,384.0,3.86,9105
960,960,"Beard in Mind (Winston Brothers, #4)",Penny Reid,2017,393.0,4.2,22558
962,962,"Changeless (Parasol Protectorate, #2)",Gail Carriger,2010,389.0,3.99,44786
963,963,"Bittersweet (True North, #1)",Sarina Bowen,2016,348.0,4.04,19508
965,965,The Obsession (Hardcover),Nora Roberts,2016,453.0,4.21,71821
966,966,"The Mighty Storm (The Storm, #1)",Samantha Towle,2012,442.0,4.16,72206
968,968,Opposite of Always (Kindle Edition),Justin A. Reynolds,2019,451.0,3.67,22288
970,970,"Dance of the Gods (Circle Trilogy, #2)",Nora Roberts,2006,321.0,4.16,29877
972,972,"Faking It (Losing It, #2)",Cora Carmack,2013,325.0,3.93,34437
973,973,"The 5th Wave (The 5th Wave, #1)",Rick Yancey,2013,457.0,4.02,433565
974,974,Mr. Perfect (Mass Market Paperback),Linda Howard,2000,405.0,4.06,34063
975,975,Honor's Splendour (Mass Market Paperback),Julie Garwood,1987,374.0,4.23,31123
976,976,"Lady Sophia's Lover (Bow Street Runners, #2)",Lisa Kleypas,2002,377.0,3.96,19157
977,977,Fight or Flight (Paperback),Samantha Young,2018,288.0,3.73,21971
978,978,The Baller (Kindle Edition),Vi Keeland,2016,285.0,4.03,44153
980,980,The Unexpected Everything (Hardcover),Morgan Matson,2016,519.0,4.0,38823
983,983,"Wild Man (Dream Man, #2)",Kristen Ashley,2011,528.0,4.19,42456
987,987,"Once Upon a Winter's Eve (Spindle Cove, #1.5)",Tessa Dare,2011,113.0,3.59,11582
988,988,The Scorpio Races (Hardcover),Maggie Stiefvater,2011,409.0,4.08,105997
990,990,Conversations with Friends (Kindle Edition),Sally Rooney,2017,304.0,3.81,338938
993,993,"Lothaire (Immortals After Dark, #11)",Kresley Cole,2012,468.0,4.38,44918
996,996,The Holiday Swap (Kindle Edition),Maggie Knox,2021,351.0,3.61,36104
997,997,"The Stopover (The Miles High Club, #1)",T.L. Swan,2019,521.0,4.1,83232
998,998,Midnight Bayou (Mass Market Paperback),Nora Roberts,2001,338.0,3.99,33186
999,999,Lady Chatterley's Lover (Hardcover),D.H. Lawrence,1928,376.0,3.51,111798
1001,1001,The Silver Linings Playbook (Paperback),Matthew Quick,2008,291.0,3.98,154784
1002,1002,"Hate to Want You (Forbidden Hearts, #1)",Alisha Rai,2017,371.0,3.72,6516
1003,1003,"Once Ghosted, Twice Shy (Reluctant Royals, #2.5)",Alyssa Cole,2019,101.0,3.79,4714
1004,1004,"Worth Any Price (Bow Street Runners, #3)",Lisa Kleypas,2003,388.0,4.02,19683
1007,1007,Anyone But You (Mass Market Paperback),Jennifer Crusie,1996,283.0,3.81,20167
1009,1009,Catching Jordan (Paperback),Miranda Kenneally,2011,288.0,3.84,61749
1010,1010,"The Darkest Kiss (Lords of the Underworld, #2)",Gena Showalter,2008,384.0,4.24,54250
1014,1014,"Rusty Nailed (Cocktail, #2)",Alice Clayton,2014,288.0,3.93,32335
1015,1015,"Night Play (Dark-Hunter, #5; Were-Hunter, #1)",Sherrilyn Kenyon,2004,362.0,4.34,53073
1017,1017,Just Haven't Met You Yet (Paperback),Sophie Cousens,2021,371.0,3.81,35118
1018,1018,"To Sir, with Love (Paperback)",Lauren Layne,2021,288.0,3.85,18958
1020,1020,"Uglies (Uglies, #1)",Scott Westerfeld,2005,425.0,3.85,622785
1021,1021,Words in Deep Blue (Hardcover),Cath Crowley,2016,273.0,4.04,32724
1022,1022,"The Luxe (Luxe, #1)",Anna Godbersen,2007,433.0,3.64,71900
1023,1023,"Rosaline Palmer Takes the Cake (Winner Bakes All, #1)",Alexis  Hall,2021,449.0,3.93,8614
1027,1027,The Prize (Mass Market Paperback),Julie Garwood,1991,408.0,4.22,29102
1029,1029,"Long Shot (Hoops, #1)",Kennedy Ryan,2018,493.0,4.22,27183
1035,1035,The Lover's Dictionary (Hardcover),David Levithan,2011,211.0,3.88,44871
1037,1037,"Dirty (Dive Bar, #1)",Kylie Scott,2016,275.0,3.89,25954
1041,1041,Saving Grace (Paperback),Julie Garwood,1993,407.0,4.25,26972
1043,1043,"Stargirl (Stargirl, #1)",Jerry Spinelli,2000,186.0,3.77,317010
1044,1044,"Daring to Dream (Dream Trilogy, #1)",Nora Roberts,1996,376.0,4.04,25394
1045,1045,"Falling into You (Falling, #1)",Jasinda Wilder,2013,240.0,4.03,53083
1046,1046,"Archangel's Consort (Guild Hunter, #3)",Nalini Singh,2011,324.0,4.22,41665
1047,1047,"The Darkest Minds (The Darkest Minds, #1)",Alexandra Bracken,2012,488.0,4.16,176313
1048,1048,"A Not So Meet Cute (Cane Brothers, #1)",Meghan Quinn,2021,404.0,4.15,60854
1049,1049,Too Late (ebook),Colleen Hoover,2016,395.0,3.95,90978
1051,1051,"One Dance with a Duke (Stud Club, #1)",Tessa Dare,2010,384.0,3.86,14413
1053,1053,"Blurred Lines (Love Unexpectedly, #1)",Lauren Layne,2015,221.0,3.94,24337
1054,1054,"The Game Plan (Game On, #3)",Kristen Callihan,2015,323.0,4.1,29269
1056,1056,"Lady Isabella's Scandalous Marriage (MacKenzies & McBrides, #2)",Jennifer Ashley,2010,316.0,3.92,16893
1061,1061,Flowers from the Storm (Mass Market Paperback),Laura Kinsale,1992,533.0,4.09,14924
1063,1063,Agnes and the Hitman (The Organization #0),Jennifer Crusie,2007,421.0,3.95,19791
1065,1065,The Princess Trap (Paperback),Talia Hibbert,2018,301.0,3.76,9367
1068,1068,"The Indigo Spell (Bloodlines, #3)",Richelle Mead,2013,401.0,4.36,99921
1069,1069,"The Hollow (Sign of Seven, #2)",Nora Roberts,2008,316.0,4.14,31799
1072,1072,You Made a Fool of Death with Your Beauty (Hardcover),Akwaeke Emezi,2022,288.0,3.75,14222
1074,1074,A Quick Bite (Argeneau #1),Lynsay Sands,2005,360.0,3.9,42772
1075,1075,Blackmoore (Paperback),Julianne Donaldson,2013,286.0,4.17,27410
1080,1080,By the Book (Meant to Be #2),Jasmine Guillory,2022,320.0,3.76,16655
1081,1081,Far From the Madding Crowd (Paperback),Thomas Hardy,1874,433.0,3.95,142383
1083,1083,"The King (Black Dagger Brotherhood, #12)",J.R. Ward,2014,591.0,4.36,52334
1084,1084,"Gentle Rogue (Malory-Anderson Family, #3)",Johanna Lindsey,1990,426.0,4.2,21517
1087,1087,"Anna Dressed in Blood (Anna, #1)",Kendare Blake,2011,316.0,3.91,103192
1088,1088,"The Ugly Duchess (Fairy Tales, #4)",Eloisa James,2012,334.0,3.65,13514
1090,1090,"Spell of the Highlander (Highlander, #7)",Karen Marie Moning,2005,394.0,4.27,26290
1094,1094,"Beautiful Darkness (Caster Chronicles, #2)",Kami Garcia,2010,503.0,3.83,132770
1095,1095,10 Blind Dates (Hardcover),Ashley Elston,2019,336.0,4.02,20195
1096,1096,"Eat, Pray, Love (Paperback)",Elizabeth Gilbert,2006,368.0,3.6,1638005
1098,1098,The Queer Principles of Kit Webb (London Highwaymen #1),Cat Sebastian,2021,348.0,3.93,5949
1100,1100,She Gets the Girl (Hardcover),Rachael Lippincott,2022,384.0,4.22,17332
1101,1101,"A Torch Against the Night (An Ember in the Ashes, #2)",Sabaa Tahir,2016,452.0,4.25,137939
1102,1102,"Rich People Problems (Crazy Rich Asians, #3)",Kevin Kwan,2017,398.0,3.94,151427
1104,1104,"Beauty and the Blacksmith  (Spindle Cove, #3.5)",Tessa Dare,2013,224.0,3.76,11041
1105,1105,"World After (Penryn & the End of Days, #2)",Susan Ee,2013,320.0,4.15,100144
1106,1106,"Leaving Paradise (Leaving Paradise, #1)",Simone Elkeles,2007,303.0,4.0,42404
1108,1108,"To Love and to Loathe (The Regency Vows, #2)",Martha Waters,2021,384.0,3.51,11074
1112,1112,"Rock Chick Rescue (Rock Chick, #2)",Kristen Ashley,2009,498.0,4.3,36458
1114,1114,"The Secret History of the Pink Carnation (Pink Carnation, #1)",Lauren Willig,2004,428.0,3.69,22581
1117,1117,"Kiss of the Night (Dark-Hunter, #4)",Sherrilyn Kenyon,2004,368.0,4.22,43489
1118,1118,"Fixed on You (Fixed, #1)",Laurelin Paige,2013,231.0,4.13,54771
1119,1119,"Good Boy (WAGs, #1)",Sarina Bowen,2017,269.0,4.04,20456
1122,1122,"The Darkest Temptation (Made, #3)",Danielle Lori,2020,410.0,4.12,65357
1124,1124,Someone Like You (Paperback),Sarah Dessen,1998,281.0,3.92,101491
1128,1128,"Magic Study (Study, #2)",Maria V. Snyder,2006,392.0,4.04,76628
1129,1129,"The Sisterhood of the Traveling Pants (Sisterhood, #1)",Ann Brashares,2001,294.0,3.82,672829
1131,1131,"The Raven King (The Raven Cycle, #4)",Maggie Stiefvater,2016,439.0,4.25,129859
1132,1132,"Beautiful Bitch (Beautiful Bastard, #1.5)",Christina Lauren,2013,161.0,3.87,44756
1133,1133,"Beauty from Pain (Beauty, #1)",Georgia Cates,2013,338.0,4.22,55542
1135,1135,I Capture the Castle (Hardcover),Dodie Smith,1948,408.0,4.0,95848
1136,1136,"Slippery Creatures (The Will Darling Adventures, #1)",K.J. Charles,2020,265.0,4.07,7845
1138,1138,"Hex Hall (Hex Hall, #1)",Rachel Hawkins,2010,323.0,3.92,140304
1139,1139,Set on You (Paperback),Amy  Lea,2022,384.0,3.71,13844
1140,1140,"Crave (Crave, #1)",Tracy Wolff,2020,592.0,3.81,97338
1141,1141,Second Chance Summer (Hardcover),Morgan Matson,2012,468.0,4.13,50899
1142,1142,"A Lot Like Adiós (Primas of Power, #2)",Alexis Daria,2021,387.0,3.75,9457
1143,1143,"Dragon Actually (Dragon Kin, #1)",G.A. Aiken,2004,336.0,3.92,28733
1146,1146,"Scandalous (Sinners of Saint, #3)",L.J. Shen,2017,315.0,4.18,45822
1148,1148,"Seize the Night (Dark-Hunter, #6)",Sherrilyn Kenyon,2004,289.0,4.34,46888
1151,1151,Meet Me in the Margins (Paperback),Melissa    Ferguson,2022,309.0,3.64,17452
1153,1153,"Collide (Collide, #1)",Gail McHugh,2013,395.0,4.2,64734
1155,1155,"Warprize  (Chronicles of the Warlands, #1)",Elizabeth Vaughan,2005,336.0,3.97,18725
1159,1159,"Rafe (Loose Ends, #1)",Rebekah Weatherspoon,2018,239.0,3.75,7578
1160,1160,Once and for All (Hardcover),Sarah Dessen,2017,358.0,3.76,33164
1161,1161,Swear on This Life (Paperback),Renee Carlino,2016,320.0,4.16,36950
1163,1163,The Fastest Way to Fall (Paperback),Denise  Williams,2021,361.0,4.07,13463
1164,1164,First Comes Scandal (Rokesbys #4),Julia Quinn,2020,277.0,3.83,22463
1165,1165,"Love Only Once (Malory-Anderson Family, #1)",Johanna Lindsey,1985,344.0,4.05,19449
1166,1166,History Is All You Left Me (ebook),Adam Silvera,2017,320.0,3.98,60787
1167,1167,"Holding the Dream (Dream Trilogy, #2)",Nora Roberts,1996,358.0,4.06,22798
1170,1170,"A Brush with Love (A Brush with Love, #1)",Mazey Eddings,2022,336.0,3.78,11464
1171,1171,"Forever My Girl (Beaumont Series, #1)",Heidi McLaughlin,2012,322.0,4.0,51233
1175,1175,"One for the Money (Stephanie Plum, #1)",Janet Evanovich,1994,320.0,4.04,520424
1176,1176,"This Side of the Grave (Night Huntress, #5)",Jeaniene Frost,2011,357.0,4.26,61607
1179,1179,"The Golden Lily (Bloodlines, #2)",Richelle Mead,2012,418.0,4.31,115487
1180,1180,"Chocolat (Chocolat, #1)",Joanne Harris,1999,306.0,3.96,121017
1181,1181,"Shades of Milk and Honey (Glamourist Histories, #1)",Mary Robinette Kowal,2010,208.0,3.49,15908
1182,1182,"Sins & Needles (The Artists Trilogy, #1)",Karina Halle,2013,438.0,3.94,22475
1185,1185,"Wicked (A Wicked Trilogy, #1)",Jennifer L. Armentrout,2014,376.0,3.99,44787
1186,1186,How to Walk Away (Hardcover),Katherine Center,2018,302.0,4.08,67507
1188,1188,"Bright Side (Bright Side, #1)",Kim Holden,2014,423.0,4.33,45290
1191,1191,If This Gets Out (Hardcover),Sophie Gonzales,2021,404.0,4.01,16385
1194,1194,"Desperate Duchesses (Desperate Duchesses, #1)",Eloisa James,2007,384.0,3.67,10631
1196,1196,"It Takes Two to Tumble (Seducing the Sedgwicks, #1)",Cat Sebastian,2017,304.0,3.88,5531
1197,1197,"Pleasure of a Dark Prince (Immortals After Dark, #8)",Kresley Cole,2010,431.0,4.37,43345
1200,1200,Never Let Me Go (Paperback),Kazuo Ishiguro,2005,288.0,3.84,593231
1201,1201,Tess of the D’Urbervilles (Paperback),Thomas Hardy,1891,518.0,3.82,264435
1207,1207,"Minx (The Splendid Trilogy, #3)",Julia Quinn,1996,391.0,3.86,16764
1208,1208,"Restore Me (Shatter Me, #4)",Tahereh Mafi,2018,435.0,4.17,116386
1209,1209,Sparrow (Kindle Edition),L.J. Shen,2016,312.0,4.08,48585
1211,1211,"Perfect (Second Opportunities, #2)",Judith McNaught,1993,704.0,4.3,23473
1212,1212,"Succubus Blues (Georgina Kincaid, #1)",Richelle Mead,2007,343.0,3.94,55857
1213,1213,"Trade Me (Cyclone, #1)",Courtney Milan,2015,279.0,3.75,5305
1214,1214,"Covet (Fallen Angels, #1)",J.R. Ward,2009,474.0,3.91,49252
1215,1215,"The Iron Queen (The Iron Fey, #3)",Julie Kagawa,2011,384.0,4.2,104266
1218,1218,"Finale (Caraval, #3)",Stephanie Garber,2019,478.0,4.21,96804
1219,1219,"Never Never: Part Two (Never Never, #2)",Colleen Hoover,2015,158.0,4.01,55286
1221,1221,"Driven (Driven, #1)",K. Bromberg,2013,320.0,4.26,59370
1223,1223,"Polaris Rising (Consortium Rebellion, #1)",Jessie Mihalik,2019,448.0,3.92,10458
1228,1228,"Hideaway (Devil's Night, #2)",Penelope Douglas,2017,466.0,4.08,58200
1229,1229,"Dancing at Midnight (The Splendid Trilogy, #2)",Julia Quinn,1995,375.0,3.77,15464
1231,1231,"Blameless (Parasol Protectorate, #3)",Gail Carriger,2010,355.0,3.99,39484
1232,1232,The Sweet Gum Tree (Paperback),Katherine Allred,2005,314.0,4.27,29341
1233,1233,"Magic Slays (Kate Daniels, #5)",Ilona Andrews,2011,308.0,4.4,70852
1234,1234,"The Duke Who Didn't (Wedgeford Trials, #1)",Courtney Milan,2020,352.0,3.92,4475
1237,1237,"What I Did for Love (Wynette, Texas, #5)",Susan Elizabeth Phillips,2009,401.0,3.91,18807
1238,1238,The Girl You Left Behind (Paperback),Jojo Moyes,2012,480.0,4.01,153951
1240,1240,"My Favorite Mistake (My Favorite Mistake, #1)",Chelsea M. Cameron,2012,391.0,3.98,55970
1242,1242,"Bombshell (Hell's Belles, #1)",Sarah MacLean,2021,394.0,3.82,8823
1246,1246,"Elements of Chemistry: Attraction (Hypothesis, #1)",Penny Reid,2015,158.0,3.95,22910
